dump,time_kst,exception_code,fast_fail_code,fault_at,stack_return,stack_return_module,stack_return_region,shadow_return,injected_modules,module_count
61214a89,2026-10-01 06:09:54,0xc0000409,57,GDI32.dll+0x4b17,0x7ffe5aa81000,NOT-IN-MODULE,MEM_PRIVATE/0x40,USER32.dll+0x4b34,TENXWGuard64_051.dll;kdfnpmbr.dll,170
3234fac1,2026-10-01 06:10:00,0xc0000409,57,GDI32.dll+0x4b17,0x7ffe5aa81000,NOT-IN-MODULE,MEM_PRIVATE/0x40,USER32.dll+0x4da8c,TENXWGuard64_051.dll,91
c643d437,2026-10-01 06:13:27,0xc0000409,57,GDI32.dll+0x4b17,0x7ffe5aa81000,NOT-IN-MODULE,MEM_PRIVATE/0x40,USER32.dll+0x4da8c,TENXWGuard64_051.dll,93
216247b5,2026-10-01 06:13:47,0xc0000409,57,GDI32.dll+0x4b17,0x7ffe5aa81000,NOT-IN-MODULE,MEM_PRIVATE/0x40,USER32.dll+0x4da8c,TENXWGuard64_051.dll,92
43cb7de4,2026-10-01 06:14:05,0xc0000409,57,GDI32.dll+0x4b17,0x7ffe5aa81000,NOT-IN-MODULE,MEM_PRIVATE/0x40,USER32.dll+0x4da8c,TENXWGuard64_051.dll,92
b134f755,2026-10-01 06:14:43,0xc0000409,57,GDI32.dll+0x4b17,0x7ffe5aa81000,NOT-IN-MODULE,MEM_PRIVATE/0x40,USER32.dll+0x4da8c,TENXWGuard64_051.dll,91
c495c251,2026-10-01 06:15:07,0xc0000409,57,GDI32.dll+0x4b17,0x7ffe5aa81000,NOT-IN-MODULE,MEM_PRIVATE/0x40,USER32.dll+0x4da8c,TENXWGuard64_051.dll,91
d1110d00,2026-10-01 06:22:07,0xc0000409,57,GDI32.dll+0x4b17,0x7ffe5aa81000,NOT-IN-MODULE,MEM_PRIVATE/0x40,USER32.dll+0x4da8c,TENXWGuard64_051.dll,92
1007084c,2026-10-01 06:22:22,0xc0000409,57,GDI32.dll+0x4b17,0x7ffe5aa81000,NOT-IN-MODULE,MEM_PRIVATE/0x40,USER32.dll+0x4da8c,TENXWGuard64_051.dll,91
37328424,2026-10-01 06:23:16,0xc0000409,57,GDI32.dll+0x4b17,0x7ffe5aa81000,NOT-IN-MODULE,MEM_PRIVATE/0x40,USER32.dll+0x4da8c,TENXWGuard64_051.dll,91
472727ef,2026-10-01 06:24:42,0xc0000409,57,GDI32.dll+0x4b17,0x7ffe5aa81000,NOT-IN-MODULE,MEM_PRIVATE/0x40,USER32.dll+0x4da8c,TENXWGuard64_051.dll,91
a53e02d1,2026-10-01 06:24:50,0xc0000409,57,GDI32.dll+0x4b17,0x7ffe5aa81000,NOT-IN-MODULE,MEM_PRIVATE/0x40,USER32.dll+0x4da8c,TENXWGuard64_051.dll,92
4255114d,2026-10-01 06:25:33,0xc0000409,57,GDI32.dll+0x4b17,0x7ffe5aa81000,NOT-IN-MODULE,MEM_PRIVATE/0x40,USER32.dll+0x4da8c,TENXWGuard64_051.dll,92
ec876ccd,2026-10-01 06:26:01,0xc0000409,57,GDI32.dll+0x4b17,0x7ffe5aa81000,NOT-IN-MODULE,MEM_PRIVATE/0x40,USER32.dll+0x4b34,TENXWGuard64_051.dll,90
5099e85a,2026-10-01 06:26:06,0xc0000409,57,GDI32.dll+0x4b17,0x7ffe5aa81000,NOT-IN-MODULE,MEM_PRIVATE/0x40,USER32.dll+0x4da8c,TENXWGuard64_051.dll,89
c1a667fd,2026-10-01 10:31:37,0xc0000409,57,GDI32.dll+0x4b17,0x7ffe5aa81000,NOT-IN-MODULE,MEM_PRIVATE/0x40,USER32.dll+0x4b34,TENXWGuard64_051.dll,90
1aeb4c04,2026-10-01 10:31:45,0xc0000409,57,GDI32.dll+0x4b17,0x7ffe5aa81000,NOT-IN-MODULE,MEM_PRIVATE/0x40,USER32.dll+0x4b34,TENXWGuard64_051.dll,90
de103d5e,2026-10-01 10:34:36,0xc0000409,57,GDI32.dll+0x4b17,0x7ff9aa7e1000,NOT-IN-MODULE,MEM_PRIVATE/0x40,IMGSF50Filter_x64.dll+0x56b3,IMGSF50Filter_x64.dll;TENXWGuard64_051.dll,94
3057b3da,2026-10-01 10:34:50,0xc0000409,57,GDI32.dll+0x4b17,0x7ff9aa7e1000,NOT-IN-MODULE,MEM_PRIVATE/0x40,IMGSF50Filter_x64.dll+0x56b3,IMGSF50Filter_x64.dll;TENXWGuard64_051.dll,93
9d4295c6,2026-10-01 10:34:56,0xc0000409,57,GDI32.dll+0x4b17,0x7ff9aa7e1000,NOT-IN-MODULE,MEM_PRIVATE/0x40,IMGSF50Filter_x64.dll+0x56b3,IMGSF50Filter_x64.dll;TENXWGuard64_051.dll,93
b4906919,2026-10-01 10:36:04,0xc0000409,57,GDI32.dll+0x4b17,0x7ff9aa7e1000,NOT-IN-MODULE,MEM_PRIVATE/0x40,IMGSF50Filter_x64.dll+0x56b3,IMGSF50Filter_x64.dll;TENXWGuard64_051.dll,94
3faaf795,2026-10-01 12:26:56,0xc0000409,57,GDI32.dll+0x4b17,0x7ff9aa7e1000,NOT-IN-MODULE,MEM_PRIVATE/0x40,IMGSF50Filter_x64.dll+0x56b3,IMGSF50Filter_x64.dll;TENXWGuard64_051.dll,92
61f39b8c,2026-10-01 12:27:36,0xc0000409,57,GDI32.dll+0x4b17,0x7ff9aa7e1000,NOT-IN-MODULE,MEM_PRIVATE/0x40,IMGSF50Filter_x64.dll+0x56b3,IMGSF50Filter_x64.dll;TENXWGuard64_051.dll,95
bbee05a3,2026-10-02 00:17:53,0xc0000409,57,GDI32.dll+0x4b17,0x7ff9aa7e1000,NOT-IN-MODULE,MEM_PRIVATE/0x40,IMGSF50Filter_x64.dll+0x56b3,IMGSF50Filter_x64.dll;TENXWGuard64_051.dll,93
a9d5a5f7,2026-10-02 01:11:07,0xc0000409,57,GDI32.dll+0x4b17,0x7ff9aa7e1000,NOT-IN-MODULE,MEM_PRIVATE/0x40,IMGSF50Filter_x64.dll+0x56b3,IMGSF50Filter_x64.dll;TENXWGuard64_051.dll,94
eb037de6,2026-10-02 01:11:21,0xc0000409,57,GDI32.dll+0x4b17,0x7ff9aa7e1000,NOT-IN-MODULE,MEM_PRIVATE/0x40,IMGSF50Filter_x64.dll+0x56b3,IMGSF50Filter_x64.dll;TENXWGuard64_051.dll,93
d9d29237,2026-10-02 01:17:40,0xc0000409,57,GDI32.dll+0x4b17,0x7ff9aa7e1000,NOT-IN-MODULE,MEM_PRIVATE/0x40,IMGSF50Filter_x64.dll+0x56b3,IMGSF50Filter_x64.dll;TENXWGuard64_051.dll,89
7a2ae8ba,2026-10-02 01:17:49,0xc0000409,57,GDI32.dll+0x4b17,0x7ff9aa7e1000,NOT-IN-MODULE,MEM_PRIVATE/0x40,IMGSF50Filter_x64.dll+0x56b3,IMGSF50Filter_x64.dll;TENXWGuard64_051.dll,95
40cf41da,2026-10-02 01:17:55,0xc0000409,57,GDI32.dll+0x4b17,0x7ff9aa7e1000,NOT-IN-MODULE,MEM_PRIVATE/0x40,IMGSF50Filter_x64.dll+0x56b3,IMGSF50Filter_x64.dll;TENXWGuard64_051.dll,94
927f1cf5,2026-10-02 01:18:07,0xc0000409,57,GDI32.dll+0x4b17,0x7ff9aa7e1000,NOT-IN-MODULE,MEM_PRIVATE/0x40,IMGSF50Filter_x64.dll+0x56b3,IMGSF50Filter_x64.dll;TENXWGuard64_051.dll,94
c1920b7a,2026-10-02 01:18:32,0xc0000409,57,GDI32.dll+0x4b17,0x7ff9aa7e1000,NOT-IN-MODULE,MEM_PRIVATE/0x40,IMGSF50Filter_x64.dll+0x56b3,IMGSF50Filter_x64.dll;TENXWGuard64_051.dll,95
d132ff63,2026-10-02 01:20:59,0xc0000409,57,GDI32.dll+0x4b17,0x7ff9aa7e1000,NOT-IN-MODULE,MEM_PRIVATE/0x40,IMGSF50Filter_x64.dll+0x56b3,IMGSF50Filter_x64.dll;TENXWGuard64_051.dll,95
